hidden_dim,learning_rate,AUC-ROC
16,0.001,0.08631578947368418
16,0.01,0.16818713450292394
32,0.001,0.03461988304093567
32,0.01,0.2196491228070176
64,0.001,0.14105263157894737
64,0.01,0.18105263157894735
